session_id,num_queries,queries,first_query,all_queries
d19e7b4de358bcfeb89e06095dc26419,1,['peer-to-peer communication'],peer-to-peer communication,peer-to-peer communication
00dea7cb26b0df14733b1aa2e48d4189,1,['wattpad reading comprehension'],wattpad reading comprehension,wattpad reading comprehension
69a3ac0c9cf2fb3bc0b2ceb56db2edfe,1,['synthetic biology nasa'],synthetic biology nasa,synthetic biology nasa
220b79bfcc0380e3999edb61a0c103f6,1,['artificial intelligence in education'],artificial intelligence in education,artificial intelligence in education
d7121387aa077f9d346a6b5a0378e5c6,1,['procrastination among students'],procrastination among students,procrastination among students
71d9a4b88d17a62c956686dfb02a01fe,1,['cannabis'],cannabis,cannabis
4a9bc9a79372406264b38f180fbdf242,1,['asphalt engine oil'],asphalt engine oil,asphalt engine oil
a5c587bb204cb34e669e171074b6cf60,1,['Which feeding pattern most strongly predicts eligibility for biomarker-based treatment?'],Which feeding pattern most strongly predicts eligibility for biomarker-based treatment?,Which feeding pattern most strongly predicts eligibility for biomarker-based treatment?
0311e191f7a1e1d2ee53d824a45c720f,1,"['relationship between financial literacy, financial stress and academic success']","relationship between financial literacy, financial stress and academic success","relationship between financial literacy, financial stress and academic success"
0e843d35dd1893ccc26b00ab27189a4a,1,['theories about meco waste and coconut shell'],theories about meco waste and coconut shell,theories about meco waste and coconut shell
c7f4279af1b23758d6477607a2bbcefa,1,['balance in business profit and environmental sustainability'],balance in business profit and environmental sustainability,balance in business profit and environmental sustainability
0da32d60e3d3eb1c1ac82963dd1c3b57,1,['vitamin b12'],vitamin b12,vitamin b12
34d9a1bb0ba98481c5cc096ca817b7b2,1,['virtual tour'],virtual tour,virtual tour
ecf8a42af61b9c2e9a23365128390266,1,['the psychological factor affecting student entrepreneur'],the psychological factor affecting student entrepreneur,the psychological factor affecting student entrepreneur
bde93b8e8293890c7cbf1a42fbfede2b,1,['green roof'],green roof,green roof
6d8e8990e464b9bfbe52609cd40ac00b,1,['political science'],political science,political science
9c64c59a7a6aadb5f0ec8252e0df99aa,1,['mnemonic device agent-based modeling'],mnemonic device agent-based modeling,mnemonic device agent-based modeling
785b9784a0ed573bc3e4c38addb767f5,1,['How can hands-on projects and simulations be combined to maximize physics critical thinking?'],How can hands-on projects and simulations be combined to maximize physics critical thinking?,How can hands-on projects and simulations be combined to maximize physics critical thinking?
5de7dd868fe0c5a2930a2ab347ec4fbf,1,['community policing'],community policing,community policing
fbe6a289dc137d81b5b0b768bffeb450,1,['effectiveness'],effectiveness,effectiveness
ef3ddfa96d252a408f89cc5c977464e4,1,['Which feature of trial-supported products most aids scalable adoption in understaffed settings?'],Which feature of trial-supported products most aids scalable adoption in understaffed settings?,Which feature of trial-supported products most aids scalable adoption in understaffed settings?
6172609153797fcc6bb5c7a412a22a0b,1,['matatag curriculum'],matatag curriculum,matatag curriculum
180b7026c3f14190c7aadabec96e1268,1,['impact of tiktok in students academic'],impact of tiktok in students academic,impact of tiktok in students academic
d758afb29213ad1c04bf53c7bda2a3ad,1,['john webster satire duchess of malfi'],john webster satire duchess of malfi,john webster satire duchess of malfi
cca3dd5aa311bc7a728839dd6fa4321b,1,['What design choice helps scale short‑term participant benefits into sustained community‑level change?'],What design choice helps scale short‑term participant benefits into sustained community‑level change?,What design choice helps scale short‑term participant benefits into sustained community‑level change?
3f0c797d1b9ad16c64d4e0ef3aeec05a,1,['academic stress'],academic stress,academic stress
21cae2e64e92320ca34161360b16d7c7,1,['war correspondent'],war correspondent,war correspondent
646c9d86471ed8171432eb721b3adb7e,1,['blockchain'],blockchain,blockchain
cd8168171beff566fc1609c9dd080cd2,1,['How do local cultural liaisons and on-site professionals interact to improve remote mental healthcare sustainability?'],How do local cultural liaisons and on-site professionals interact to improve remote mental healthcare sustainability?,How do local cultural liaisons and on-site professionals interact to improve remote mental healthcare sustainability?
214e0e6a764e36edddccb487e9412d52,1,['global warming'],global warming,global warming
76792feec3056517ffbd2f3c6928b784,1,['harnessing wind energy'],harnessing wind energy,harnessing wind energy
5f5bdfe2819916c5252ef19275536204,1,['electromagnetic spectrum'],electromagnetic spectrum,electromagnetic spectrum
adb15e7efac1c2c98a9e7c583f4bf050,1,['influence'],influence,influence
3b175cfd5b7ae22194d40af13f9a7ee7,1,['stand up comedy'],stand up comedy,stand up comedy
3fb37f11fe7ce75db465d18b9cc0705c,1,['How consistent are learning gains from a case-focused instructional approach across different high schools?'],How consistent are learning gains from a case-focused instructional approach across different high schools?,How consistent are learning gains from a case-focused instructional approach across different high schools?
c1b455cf331dc5b1058e63bf0dee8e14,1,['wind energy'],wind energy,wind energy
4880fdf7ff336b249af928cf93f43f0a,1,['peer pressure'],peer pressure,peer pressure
2cec90ec702158ed195d56177d214a9e,1,['financial literacy'],financial literacy,financial literacy
a0f8eaa665af3ffc3717c28c4834898a,1,['nursing management for neonate'],nursing management for neonate,nursing management for neonate
f4b02d3f35058a4d09ec206622895aa3,1,['outdoor advertising'],outdoor advertising,outdoor advertising
131c00aafe71bd5de7aa945c760b925a,1,['graphic design'],graphic design,graphic design
df24a211285559b6e15848444e8636a4,1,['bio synthesis and regulation'],bio synthesis and regulation,bio synthesis and regulation
8e23ebe4f08a48825befb7b5f565a0a5,1,['hydrogen evolution reaction'],hydrogen evolution reaction,hydrogen evolution reaction
2e9bc31b76b5c3a18da0ba5a0e9e9852,1,['What role should personality measures play alongside biochemical indicators when inferring historical brain injury?'],What role should personality measures play alongside biochemical indicators when inferring historical brain injury?,What role should personality measures play alongside biochemical indicators when inferring historical brain injury?
e159a48a232aaf04a668309a7e5ef484,1,['risk communication discourse'],risk communication discourse,risk communication discourse
d6e9712bf4d78dc25582d46273456358,1,['fake news'],fake news,fake news
ddc6aa40837e166470aa10b3679690b1,1,['diarrhea'],diarrhea,diarrhea
e7d459e21ee2edfdab9efe9aaf3481a9,1,['ms general surgery dissertation submitted to mgr medical university chennai'],ms general surgery dissertation submitted to mgr medical university chennai,ms general surgery dissertation submitted to mgr medical university chennai
8825fceaab6c9615ff2422b373b5baee,1,['analyzing the effectiveness of promotional strategy in resort'],analyzing the effectiveness of promotional strategy in resort,analyzing the effectiveness of promotional strategy in resort
6513b320bfbcd0ed11d192b17f985131,1,['emotional intelligence and academic performance'],emotional intelligence and academic performance,emotional intelligence and academic performance
9cb300cc7da1de27a2d469b5478ba4f8,1,['prigozhin private military company'],prigozhin private military company,prigozhin private military company
9ae8eb0cd4e9e0ccbbb6dc5e829fc1f3,1,['telemedicine in cardiology'],telemedicine in cardiology,telemedicine in cardiology
44e521225789bb4e0a23bd3d8482322b,1,['How can electrode material choice trade off rate capability against timing and compactness in detectors?'],How can electrode material choice trade off rate capability against timing and compactness in detectors?,How can electrode material choice trade off rate capability against timing and compactness in detectors?
42c8c24fcf4a66dc6ce61d46a732eafd,1,['selective attention and inattentional blindness'],selective attention and inattentional blindness,selective attention and inattentional blindness
41c05295cab3dfb5bcced7d22851e2f2,1,['digital transformation labor market'],digital transformation labor market,digital transformation labor market
ebb5187bf0611c3aeafcd79bb1fb3604,1,['the effects of physical activity on well-being'],the effects of physical activity on well-being,the effects of physical activity on well-being
6dc135911c7777c35b1eb8e83c839b97,1,['machine learning'],machine learning,machine learning
2fc587e0febb815f217d16fe5a82f6c0,1,['international mediation'],international mediation,international mediation
5abb455852405585be851775b2889f50,1,['What evidence threshold justifies advancing a combination therapy to a randomized confirmatory trial?'],What evidence threshold justifies advancing a combination therapy to a randomized confirmatory trial?,What evidence threshold justifies advancing a combination therapy to a randomized confirmatory trial?
cdab5007fa0102e35bef72755502c45b,1,['time frequency analysis'],time frequency analysis,time frequency analysis
0873d2cffeaaf1b9c45950b0bc9e1b6d,1,['theory about orange citrus sinensis peel'],theory about orange citrus sinensis peel,theory about orange citrus sinensis peel
867df7f22d5cef910c9c8269e8313ff8,1,['Which family profiles predict both children improving when parenting behaviors change?'],Which family profiles predict both children improving when parenting behaviors change?,Which family profiles predict both children improving when parenting behaviors change?
572eb6a74d192c4730b21f32b62e4741,1,['chronological'],chronological,chronological
b60636e15cd1e6f73ecf034caaef6fc3,1,['renal replacement therapy'],renal replacement therapy,renal replacement therapy
6b58c5db2a6d99ec1ee8daf7467ed326,1,['semi-supervised learning'],semi-supervised learning,semi-supervised learning
0eb2a0f2a29a2fbfc09b4e58c7743f72,1,['Which communication improvement most reduces repeated dimensional issues across project phases?'],Which communication improvement most reduces repeated dimensional issues across project phases?,Which communication improvement most reduces repeated dimensional issues across project phases?
e250296d22d78c408818c9b1b5352db0,1,['john webster duchess of malfi'],john webster duchess of malfi,john webster duchess of malfi
533ebe54d99e8c5e2feea55299c0f3ef,1,['Which prior-treatment feature best identifies patients likely to derive survival benefit from the newer second-line option?'],Which prior-treatment feature best identifies patients likely to derive survival benefit from the newer second-line option?,Which prior-treatment feature best identifies patients likely to derive survival benefit from the newer second-line option?
defa7c6807ede7c5af9d5fc1be50f838,1,['bauhaus'],bauhaus,bauhaus
0da43e818ee36f379dd0d53094a708c4,1,['prefabrication building'],prefabrication building,prefabrication building
58fd19c62fe32b0064fa514d5b699359,1,['assessment and generative ai'],assessment and generative ai,assessment and generative ai
b9ad3ed3cdd94a9248b41027054aa84f,1,['air breathing ion thruster'],air breathing ion thruster,air breathing ion thruster
42a14fb90b75c5ce037cb9d6acc52b8a,1,['stock market prediction'],stock market prediction,stock market prediction
c29788eafcbbd45047a08b5cd1c24db4,1,['bioclimatic architecture'],bioclimatic architecture,bioclimatic architecture
42fc2e2be3ac49c6564dd47816dda6ef,1,['animal and environmental biology'],animal and environmental biology,animal and environmental biology
471a0903327aebe720f561315e32d5d9,1,['humps installation'],humps installation,humps installation
8a5dc8caebf3359906b2ccd6264982f2,1,['When does higher modeled microbiological coverage justify routine use of a broad-spectrum agent?'],When does higher modeled microbiological coverage justify routine use of a broad-spectrum agent?,When does higher modeled microbiological coverage justify routine use of a broad-spectrum agent?
476f68b3901eef85a4d2e74c9c112409,1,['personalized medicine'],personalized medicine,personalized medicine
9db831533ed3cfc0211280d567a041ff,1,['psychology and human behavior'],psychology and human behavior,psychology and human behavior
3ffc45d254ea1c9518f1de5190f85126,1,['food quality and satisfaction'],food quality and satisfaction,food quality and satisfaction
5432516c146400806a7fac5fc8b2a851,1,['Why does combining physical inspection with measured speed data aid diagnosis of gear faults?'],Why does combining physical inspection with measured speed data aid diagnosis of gear faults?,Why does combining physical inspection with measured speed data aid diagnosis of gear faults?
a17857d1a641623051cc8b231abd516b,1,['deep learning'],deep learning,deep learning
19097f187aee29be76a702aaed4e9804,1,['radiology and radiation science'],radiology and radiation science,radiology and radiation science
5fd845420b105f529c31c74fb86504c5,1,['language exposure on vocabulary development'],language exposure on vocabulary development,language exposure on vocabulary development
4d7b5816864a9cbbda5736d6b8811ca6,1,['Which structural property from simplified models best improves robustness under heterogeneous local data?'],Which structural property from simplified models best improves robustness under heterogeneous local data?,Which structural property from simplified models best improves robustness under heterogeneous local data?
eca1fcfa5b2b0492daa1a676159ac1a0,1,['influence of spending habits of students'],influence of spending habits of students,influence of spending habits of students
b6e06b28a92115be99a5174a293a288a,1,['origami architecture'],origami architecture,origami architecture
699de647eba43f9efb7cd502b205b150,1,['stem cells in neurology'],stem cells in neurology,stem cells in neurology
547f504ff3c897aa262396385d4af920,1,['yoshua bengio'],yoshua bengio,yoshua bengio
ef5f18ea2659e8dc4f0281f584766c97,1,['images war'],images war,images war
73bc7287303fb97921389ffba0266c13,1,['time management skills of students'],time management skills of students,time management skills of students
c7ac0c6292e5c67406659959b4dfaad5,1,['consumer confidence index'],consumer confidence index,consumer confidence index
36f5e25b282583b2865d30f5f7a76644,1,['korean war'],korean war,korean war
deba42a6236611aa30d7bb2ef9427601,1,['tiktok and self-esteem'],tiktok and self-esteem,tiktok and self-esteem
a9a63e739920dd93c6ac374c8cf0f8c2,1,['bim'],bim,bim
68c5b9881e6e02e7d8a5bcc996547ef8,1,['inclusive recruitment'],inclusive recruitment,inclusive recruitment
804711f54939af9622c3c7614da85298,1,['How well do trial-specific early composite benefits predict broader pooled-event reductions?'],How well do trial-specific early composite benefits predict broader pooled-event reductions?,How well do trial-specific early composite benefits predict broader pooled-event reductions?
c37929083efcca441e978ee27a5ddd7d,1,['psittacines radiography'],psittacines radiography,psittacines radiography
d2af595f032a1958c62ceea6b1545833,1,['nostalgia marketing'],nostalgia marketing,nostalgia marketing
6e6321656b1380055bb3cc611ab07e43,1,['parenting style and involvement in the academic performance of grade 6 learners'],parenting style and involvement in the academic performance of grade 6 learners,parenting style and involvement in the academic performance of grade 6 learners
a51420961c3596d8b269354d07514dd6,1,['students'],students,students
a62f9ceb4838c5de23d0028a1ba20d97,1,['How does household wealth influence choosing planned surgical birth?'],How does household wealth influence choosing planned surgical birth?,How does household wealth influence choosing planned surgical birth?
d1098d6d4857c785239c3b3e7d8d64d2,1,['factors influencing the use of chatgpt in student learning'],factors influencing the use of chatgpt in student learning,factors influencing the use of chatgpt in student learning
1a67fb46391aa322060d761dc65971a9,1,['correlation between parenting styles and student self esteem'],correlation between parenting styles and student self esteem,correlation between parenting styles and student self esteem
4befebbcc2ff66f381be9a1bbcf83417,1,['okanagan historical society'],okanagan historical society,okanagan historical society
a64aae27da8e92c91015c275eb443a14,1,['stress students academic productivity'],stress students academic productivity,stress students academic productivity
b8532cfb9f1bf3bf68b8e9b5458dcc51,1,['related studies of channel accessibility in preparedness and effectiveness during emergency situations'],related studies of channel accessibility in preparedness and effectiveness during emergency situations,related studies of channel accessibility in preparedness and effectiveness during emergency situations
8fd57bca3d2dee0fb125a322eb8da004,1,['informational search'],informational search,informational search
1af2260d1db1803f299c9579d769eaaf,1,['effects of using chatgpt on the research subject'],effects of using chatgpt on the research subject,effects of using chatgpt on the research subject
949bf1f276a13d297105d8845b540e3c,1,['adms smart grid'],adms smart grid,adms smart grid
4627d57561793b7e8b4d458a16554ae7,1,['women empowerment'],women empowerment,women empowerment
74569bc356c88f520309e1dc2582fba1,1,['data mining'],data mining,data mining
b03967139f4c766616cf95958948438c,1,['academic distraction'],academic distraction,academic distraction
c0682123597d0b1027f59cabe06e19b9,1,['psittacines'],psittacines,psittacines
c434188f8d2aa3111765a091749c3ef5,1,['chemical recycling extruder'],chemical recycling extruder,chemical recycling extruder
540992ac0d6d1987574cf71fee06485a,1,['sufism'],sufism,sufism
67f8b0b8c80910677c062be26466333e,1,['effects of social media algorithms'],effects of social media algorithms,effects of social media algorithms
9b1940902ef226fc568687e959777ff9,1,['chemistry education'],chemistry education,chemistry education
a9aeb7d21d67443569840c785cbc48bb,1,['coal gasification'],coal gasification,coal gasification
670c9172280572387d4aa7562dea26f9,1,['water content'],water content,water content
357430e58b89f8aab997560de0f66e80,1,['ai in drug development'],ai in drug development,ai in drug development
f10218c858ed40f612c1888bc8223d2f,1,['Which design choices best enable teacher development for technology-ready faith-based elementary schools?'],Which design choices best enable teacher development for technology-ready faith-based elementary schools?,Which design choices best enable teacher development for technology-ready faith-based elementary schools?
450249b76d9d2023ee927a18ea4eb0da,1,['implementation of stem program'],implementation of stem program,implementation of stem program
79959e9fd558013a774897fb2d760ac1,1,['geographic information system'],geographic information system,geographic information system
d6e0c8db96b3118ebdf59c57fb717dd7,1,['formulation and efficacy testing of disinfectant'],formulation and efficacy testing of disinfectant,formulation and efficacy testing of disinfectant
46395a3cf66a9f6a75c89354410d1493,1,['How should pesticide class–specific findings shape prevention priorities for farm households?'],How should pesticide class–specific findings shape prevention priorities for farm households?,How should pesticide class–specific findings shape prevention priorities for farm households?
b791ff63a203b978cd20beac6597d084,1,['estate management'],estate management,estate management
9d698ee46c1f1ec0c697e69fc138133c,1,['spherical harmonics slater orbitals'],spherical harmonics slater orbitals,spherical harmonics slater orbitals
3af92c9858b2150b92369b71e7c4e121,1,['lstm'],lstm,lstm
4bf79a0d16ffc2b9be8b6849c88ce244,1,['centrifugal compressor'],centrifugal compressor,centrifugal compressor
589374fa626019dae74b8170b7f4c4d7,1,['awareness of ai and deepfakes'],awareness of ai and deepfakes,awareness of ai and deepfakes
a426dd2b70d18bf1cd82f6009baade47,1,['multi-agent cooperative control'],multi-agent cooperative control,multi-agent cooperative control
860fc9e42321e79d54dbf743bbffef1c,1,['wagner ukraine'],wagner ukraine,wagner ukraine
10473e1ae72fefe5e8d30d34505abd02,1,['inclusive education for student with disabilities'],inclusive education for student with disabilities,inclusive education for student with disabilities
18ce9eb1855f3a2e6d7bf9586b88f77f,1,['social media usage college students'],social media usage college students,social media usage college students
ed4ab7c72b4729237533df75b6d49ba9,1,['effects of industrial wastes on fresh water ecosystems in pakistan'],effects of industrial wastes on fresh water ecosystems in pakistan,effects of industrial wastes on fresh water ecosystems in pakistan
78d5fc8dabcc6baf31f0060d3101065b,1,['salt-tolerant crops'],salt-tolerant crops,salt-tolerant crops
5a306c1090217bbd3c8b0613fbbc0504,1,['langauge delay in children academic achievement'],langauge delay in children academic achievement,langauge delay in children academic achievement
62b27acf91c11c6c9d760cfdc0c33022,1,['waste segregation'],waste segregation,waste segregation
40e9bb99e4c1ce609116b113d9636ee1,1,['social media'],social media,social media
fb08c8d1e8056912964b802d33419dc0,1,['time management'],time management,time management
27db1a4cf0abbcfd48263555da200457,1,['concussion nfl'],concussion nfl,concussion nfl
2a6cbdaebcd9a4eb732ae5a999f093e7,1,['x-ray overuse or overutilization'],x-ray overuse or overutilization,x-ray overuse or overutilization
5eec5e196482a495754671529a4822ab,1,['plate tectonics'],plate tectonics,plate tectonics
b487748cc8000635fd861f04743ab18b,1,['the role of augmented reality ar in enhancing the pre visit experience for cultural tourist'],the role of augmented reality ar in enhancing the pre visit experience for cultural tourist,the role of augmented reality ar in enhancing the pre visit experience for cultural tourist
5e62449a564d4f5c079ce124e8060dcd,1,['demography and social statistics'],demography and social statistics,demography and social statistics
efd0b10c27ecb230ee4e741d3a53e479,1,['personality disorders'],personality disorders,personality disorders
ae4fa4b3e4ffa37525288e868703a668,1,['What tradeoff allows reducing expert labels while preserving high recall for a rare event class?'],What tradeoff allows reducing expert labels while preserving high recall for a rare event class?,What tradeoff allows reducing expert labels while preserving high recall for a rare event class?
394376c1c20bfe2fc9f3896f1193a855,1,['language learning strategies'],language learning strategies,language learning strategies
ed79fa2457530c1961cffee00b364ee5,1,['algae'],algae,algae
9e47d2c8342a22a8f19be414d9f10c33,1,['research on the innovation of commercial banks in the era of fintech'],research on the innovation of commercial banks in the era of fintech,research on the innovation of commercial banks in the era of fintech
8b3d687daee528cc43fc6bf300117dd6,1,['artificial intelligence'],artificial intelligence,artificial intelligence
2b7257cf6ccf44d5a34fcd712e47a23e,1,['aksyonov military aircraft'],aksyonov military aircraft,aksyonov military aircraft
c46d8e93a859a20db0043ee25e982729,1,['ancient egyptian mathematics'],ancient egyptian mathematics,ancient egyptian mathematics
580520dc9b3161d0f2cbb317f8e17f73,1,['food waste'],food waste,food waste
6d1f50ca1928f230f5e90b7573fedc85,1,['sleep deprivation academic performance'],sleep deprivation academic performance,sleep deprivation academic performance
e7af2cc348367123486adf9fed0809bc,1,['future of work in the hospitality industry based on adaptation to changing workforce dynamics after the pandemic'],future of work in the hospitality industry based on adaptation to changing workforce dynamics after the pandemic,future of work in the hospitality industry based on adaptation to changing workforce dynamics after the pandemic
a75d54b247cf81049aa2506fa2d5b776,1,['linguistics and languages'],linguistics and languages,linguistics and languages
ebad9d28b3499477b88aa1858932bc46,1,['renewable energy innovations'],renewable energy innovations,renewable energy innovations
1310f52fce552627d28dad6bd416c05a,1,['devops'],devops,devops
484c205a0cae4fc47f5fed10f6bff419,1,['qr code scanner'],qr code scanner,qr code scanner
0cdffb4b75ae8f8d562c11598dca0375,1,['work'],work,work
80ef3402a6825b0b34386923fddd177f,1,['zero trust security'],zero trust security,zero trust security
a267b55325bb8834cd478d7f644d333d,1,['organizational citizenship'],organizational citizenship,organizational citizenship
9b2923bddc4938bcb6f1cd27169ed2e1,1,['Which evaluation metric best captures novelty as realism of generated artifacts increases?'],Which evaluation metric best captures novelty as realism of generated artifacts increases?,Which evaluation metric best captures novelty as realism of generated artifacts increases?
81a8aee94001d9b79f7a0c75722fec3e,1,['the role of technology in transforming business operations'],the role of technology in transforming business operations,the role of technology in transforming business operations
1263e06c76c430bb56790bf6df4e04d3,1,['gender differences in creativity'],gender differences in creativity,gender differences in creativity
28fa235187d66c13cad33bb4786e7d25,1,['turbid productive waters'],turbid productive waters,turbid productive waters
8a1fbc42a27ef093c503103e1368f3d4,1,['economic diplomacy'],economic diplomacy,economic diplomacy
de68cd9447f8e287aca0fd9909843e62,1,['teacher'],teacher,teacher
8a9c0dce5fb4514251232bcc23734c1d,1,['peperomia pellucida extract cancer'],peperomia pellucida extract cancer,peperomia pellucida extract cancer
a548bdf65e046ce3ed7c76ee937c6371,1,['4d seismic reservoir monitoring'],4d seismic reservoir monitoring,4d seismic reservoir monitoring
2e39ed6d7baf9291ce1ea863044d20e6,1,['study about dreaming while sleeping'],study about dreaming while sleeping,study about dreaming while sleeping
e9527aec68523b8ceb74e12b8685b96a,1,['rural revitalization'],rural revitalization,rural revitalization
abbb6962a34a5824a33e7662482b1af1,1,['fast food'],fast food,fast food
93552e2eb156f5c55161c41a17f2a01a,1,['academic pressure'],academic pressure,academic pressure
eafd6da36df1482185c6f357d6ad96c9,1,['biology education'],biology education,biology education
bc4f726ad66b9127936c8cfc09fce9ba,1,['molkino terrorist'],molkino terrorist,molkino terrorist
38a9ce121cf1f4652b62c5b2b9427d7b,1,['evaluating the effectiveness of ai chatbots on academic support for students and teachers'],evaluating the effectiveness of ai chatbots on academic support for students and teachers,evaluating the effectiveness of ai chatbots on academic support for students and teachers
34a6e05ec6153658893268ee9b6d215e,1,['forein study disruptive students'],forein study disruptive students,forein study disruptive students
29c96582836735743bd33815ac37ebed,1,['serendipity in relationships'],serendipity in relationships,serendipity in relationships
1bf216d64c70401c54241fc48b650589,1,['alcoholic drinks'],alcoholic drinks,alcoholic drinks
2968da058e3815aa98b19e8c9e450174,1,['relationship of empathy and reading'],relationship of empathy and reading,relationship of empathy and reading
f40ef0e5ac56c2ae1febd382b3ff319c,1,['Which procedural indicator best predicts unfavorable remodeling after balloon-based coronary therapy?'],Which procedural indicator best predicts unfavorable remodeling after balloon-based coronary therapy?,Which procedural indicator best predicts unfavorable remodeling after balloon-based coronary therapy?
d67109e1ca0ae6026ec27f59815c7a5a,1,['remote and work and perception'],remote and work and perception,remote and work and perception
02650836154c6cd4cddacd509daa77e4,1,['research related literature about crab mentality'],research related literature about crab mentality,research related literature about crab mentality
587bda4ca6b1f73cc861c7426a6db876,1,['Which clinical features best identify patients needing targeted dietary and psychosocial support?'],Which clinical features best identify patients needing targeted dietary and psychosocial support?,Which clinical features best identify patients needing targeted dietary and psychosocial support?
dafa6a7621584029946f9a95e63d8f86,1,['new generation vaccines'],new generation vaccines,new generation vaccines
996da14cdab862d1638b4be35dee6d1a,1,['tiktok content consumed'],tiktok content consumed,tiktok content consumed
c946b96eba4e2d1bca272fa87710e779,1,['publicidad no convencional'],publicidad no convencional,publicidad no convencional
653094b26e8efc3bd5d6ca6124575e93,1,['cbrn terrorism'],cbrn terrorism,cbrn terrorism
5f1b26a0bf7242b16385a5d5bbe0ee1c,1,['teacher turnover'],teacher turnover,teacher turnover
0232d2be72b1ea33504cd2481b591bad,1,['market mechanisms and government policies'],market mechanisms and government policies,market mechanisms and government policies
e719889da1459bd9afb50cda8643922d,1,['indonesian poetry analysis'],indonesian poetry analysis,indonesian poetry analysis
43bccec49254f0f5e094653bcda105ec,1,['car-nk'],car-nk,car-nk
13df3c9c68658cdc669b48cf98cf054c,1,['serendipity and fate in relationships'],serendipity and fate in relationships,serendipity and fate in relationships
5df3e1cabb549f135ff50a4104d91b68,1,['cramming'],cramming,cramming
e777fb4e6e6a57942bf45de4eb297a56,1,['kondraske'],kondraske,kondraske
35c0f17bf81e581290efc4a10449174f,1,['mental health and wellbeing'],mental health and wellbeing,mental health and wellbeing
af166e3441b23e4e8457fd45b70e0fb6,1,['prevention in high-risk populations'],prevention in high-risk populations,prevention in high-risk populations
4167db3ceb4e698b81750084e926f71c,1,['social media usage'],social media usage,social media usage
53e7b128b38d074d94828c9a5cdd5b96,1,['Which property of preserved examples most aids generalization across diverse language tasks?'],Which property of preserved examples most aids generalization across diverse language tasks?,Which property of preserved examples most aids generalization across diverse language tasks?
07de8bb1d0c7ff01414217a403530dae,1,['Which clinical features should prompt using a non-standard somatostatin analogue as initial therapy?'],Which clinical features should prompt using a non-standard somatostatin analogue as initial therapy?,Which clinical features should prompt using a non-standard somatostatin analogue as initial therapy?
aa42e210a361571ff4d1fad892b75d15,1,['How can a device avoid futile access attempts while still selecting connectivity for best throughput?'],How can a device avoid futile access attempts while still selecting connectivity for best throughput?,How can a device avoid futile access attempts while still selecting connectivity for best throughput?
9af879f2df293898cb7a6cb4de5c4a86,1,['How can hit-grouping window instability be mitigated while preserving sensitivity to extremely slow events?'],How can hit-grouping window instability be mitigated while preserving sensitivity to extremely slow events?,How can hit-grouping window instability be mitigated while preserving sensitivity to extremely slow events?
0ed9bd6ce8865fdc1ab11848ad5cb34d,1,['agricultural education'],agricultural education,agricultural education
97cd75e03f70656bd942ea27ebd7babd,1,['inclusive hiring'],inclusive hiring,inclusive hiring
5885104b2d9bf8b2fcdf001a4036e794,1,['edible films'],edible films,edible films
b8dff6e4aa9ad336877fdeb9b0625dd7,1,['garch with error distributions'],garch with error distributions,garch with error distributions
d49230534d6a85b88426fb74707a9cbb,1,['psychedelics in psychiatry'],psychedelics in psychiatry,psychedelics in psychiatry
c9b997d3c4f61be186e26b3b6a962c41,1,['reading comprehension'],reading comprehension,reading comprehension
08157a20b3524f357970d74b9ba928d7,1,['How can early stakeholder conflict resolution improve translation of gender-sensitive policy into practice?'],How can early stakeholder conflict resolution improve translation of gender-sensitive policy into practice?,How can early stakeholder conflict resolution improve translation of gender-sensitive policy into practice?
be9f4fce98c08e07a1031021aeba3c82,1,['blockchain technology'],blockchain technology,blockchain technology
595c6071ed5e951754bce1f117129a8a,1,['impact of excessive use of mobile phones on sleep quality'],impact of excessive use of mobile phones on sleep quality,impact of excessive use of mobile phones on sleep quality
68fbde16e52e4b35607d536ca647192d,1,['diabetes'],diabetes,diabetes
9091fd80834695b8c696adf3b6f20d55,1,['convoy commitment of the armed forces'],convoy commitment of the armed forces,convoy commitment of the armed forces
34b7db10871b2425e44af504623590e3,1,['microbiome and obesity'],microbiome and obesity,microbiome and obesity
398d7a1b06954e06c82fe75d308fb0b8,1,['chalcone'],chalcone,chalcone
e488973389507903bf51865953b4ef5a,1,['costs'],costs,costs
76be2c2feaa6afe12f0cf06cd869b150,1,['financial literacy and spending habits'],financial literacy and spending habits,financial literacy and spending habits
fc09339c0ca5f6dae18cefd835c3e561,1,['research on compensation management'],research on compensation management,research on compensation management
81a038f937cdcf788bc481699a37f494,1,['banana blossom'],banana blossom,banana blossom
4f6aeec241df5b2a68ef8109473935cb,1,['financial literacy and online impulse buying behavior'],financial literacy and online impulse buying behavior,financial literacy and online impulse buying behavior
e6e893da3894729143d234f196c99fa2,1,['emotional intelligence'],emotional intelligence,emotional intelligence
f62685636ac62d31531f6ddf49d0a0df,1,['social media effects international'],social media effects international,social media effects international
5ef548b174d925e873f8b5f138d6d8af,1,['What tradeoff arises when combining surfactant-rich fluids with acid-sensitive porous carriers?'],What tradeoff arises when combining surfactant-rich fluids with acid-sensitive porous carriers?,What tradeoff arises when combining surfactant-rich fluids with acid-sensitive porous carriers?
07951e806894cd18d0b216fb2a7b074b,1,['public private partnerships and procurement'],public private partnerships and procurement,public private partnerships and procurement
cf62d1840ba5d5b67a13a9face49845a,1,['the effects of using quillbot to the creative writing skills'],the effects of using quillbot to the creative writing skills,the effects of using quillbot to the creative writing skills
763736928f3cb9f3c1154d9f698dcd07,1,['hiv'],hiv,hiv
46ce09def23cf7789bb363340f3e57c4,1,['virtual reality and prototyping methods'],virtual reality and prototyping methods,virtual reality and prototyping methods
8fffdb258af07c0aea5b3c1a391ff6f7,1,['abortion'],abortion,abortion
b64733753f9a591fc7662aef2aca1068,1,['redox flow battery'],redox flow battery,redox flow battery
2cf744fb83444209c7ed37c31bb7ce04,1,['peer tutoring'],peer tutoring,peer tutoring
7845aa70335809e0297a30b55bf29ba6,1,['self service technology'],self service technology,self service technology
5e6ebb6a62cc855b8ec6ae10827af8f1,1,['Can workplace sit–stand interventions reduce abdominal adiposity and improve lipid profiles?'],Can workplace sit–stand interventions reduce abdominal adiposity and improve lipid profiles?,Can workplace sit–stand interventions reduce abdominal adiposity and improve lipid profiles?
66cac571113757312e85e97c6dfdffcb,1,['gene therapy for rare diseases'],gene therapy for rare diseases,gene therapy for rare diseases
21659a15321024640ba3d71b9d51877f,1,['What provider policy best mitigates risks from larger bet sizes and bigger payouts?'],What provider policy best mitigates risks from larger bet sizes and bigger payouts?,What provider policy best mitigates risks from larger bet sizes and bigger payouts?
781ce9d684cf75f39303e94af5013c41,1,['detecting phishing nlp'],detecting phishing nlp,detecting phishing nlp
d7fac8d8260d9e31b90c37041ead5d67,1,"[""the role of synthetic biology in nasa's missions""]",the role of synthetic biology in nasa's missions,the role of synthetic biology in nasa's missions
47680f5b63047c2bb768ca68d793d280,1,['the potential of aquafaba as an substitute for egg whites'],the potential of aquafaba as an substitute for egg whites,the potential of aquafaba as an substitute for egg whites
85ac80d97bbb5c56881e357b9c6a7a7a,1,['ernest hemingway in another country'],ernest hemingway in another country,ernest hemingway in another country
0bd1dc340f31515847d7cf44efa1d53b,1,['neuroscience'],neuroscience,neuroscience
35118e95c5a9c6430fc9aa0b0225bb1f,1,['convoy military aircraft'],convoy military aircraft,convoy military aircraft
a3bbf2d373d4f07d297a5378c6630fcb,1,['assam soldier'],assam soldier,assam soldier
d9204a56e34a1c344391ad4e2c8963c0,1,['review of related studies on political leadership style'],review of related studies on political leadership style,review of related studies on political leadership style
0d38b85b84ac7195f3ee3c951302499a,1,['religious propaganda'],religious propaganda,religious propaganda
90f745bb104505301fc4ed816be0938c,1,['street vendors'],street vendors,street vendors
081a8a13c4fe322862cbc56d2fd7a58b,1,['electronic warfare'],electronic warfare,electronic warfare
a76f803a54168ee973b5efb8ec3eff57,1,['as-ack'],as-ack,as-ack
2480b66e43b203adc0d4b9775def2bb3,1,['fairy tales'],fairy tales,fairy tales
0d058a3a00cb1149857cbb81ae393907,1,['tunnel seismic'],tunnel seismic,tunnel seismic
0743b48256f396ad4f803a4575927613,1,['student perceptions of career guidance program'],student perceptions of career guidance program,student perceptions of career guidance program
7dd544c389512ce8cb0da1bd46543702,1,"['labeling on food packaging to educate the public on composition information, nutritional intake, preparation method, consumption advice, etc.']","labeling on food packaging to educate the public on composition information, nutritional intake, preparation method, consumption advice, etc.","labeling on food packaging to educate the public on composition information, nutritional intake, preparation method, consumption advice, etc."
4d3b0cddf732fb9e2b86483cbb6842aa,1,['work life balance and job satisfaction'],work life balance and job satisfaction,work life balance and job satisfaction
51f686777f1fc4ffcee09a3ba4212ab2,1,['adlerian counseling and social interest'],adlerian counseling and social interest,adlerian counseling and social interest
5fcf8eb1af05248be1503e13e8940abf,1,['Can patients relapsing after adjuvant anti–PD-1 therapy benefit from intratumoral immune priming?'],Can patients relapsing after adjuvant anti–PD-1 therapy benefit from intratumoral immune priming?,Can patients relapsing after adjuvant anti–PD-1 therapy benefit from intratumoral immune priming?
545dbbdbfeb1d3b0e09f9f5db594b734,1,['the effects of prolonged sitting on the well-being and posture of office workers'],the effects of prolonged sitting on the well-being and posture of office workers,the effects of prolonged sitting on the well-being and posture of office workers
4c256973018aa8c74d480b9d83b7996f,1,['heat treatment'],heat treatment,heat treatment
3d00ad96232a55ad9d10e556cb87e606,1,['political economy'],political economy,political economy
6f347087b3fc0b15bac5003d0b60bfb3,1,['vegetable based paper'],vegetable based paper,vegetable based paper
42284396e658b176132e066cfbe7e3f4,1,['new energy'],new energy,new energy
eed65566aa320c39f7e2a39f9306ca0a,1,['forestry and wildlife management'],forestry and wildlife management,forestry and wildlife management
b934bb2d45228ef6ff2dc8f71688a5ee,1,['pikalov army'],pikalov army,pikalov army
62dafc92b37e72c39eefa616c12be31d,1,['paediatric'],paediatric,paediatric
8f9b8e5f1778d9aa1e0fb4f485074e50,1,['schools rules and regulations'],schools rules and regulations,schools rules and regulations
30662a82cca7c82d5b28b4a2b31749ea,1,"[""biomarkers of alzheimer's disease""]",biomarkers of alzheimer's disease,biomarkers of alzheimer's disease
8cc85d9d1d5424fb44a6e3c22ecc8a12,1,['fashion design'],fashion design,fashion design
6110331bfb6045900ddc497b9fcdc0e8,1,['chatgpt in creative writing'],chatgpt in creative writing,chatgpt in creative writing
d3c2d232f0a39dae1f18c762ccdb1eab,1,['Which monitoring strategy balances solute correction to reduce inflammation without harming filtration?'],Which monitoring strategy balances solute correction to reduce inflammation without harming filtration?,Which monitoring strategy balances solute correction to reduce inflammation without harming filtration?
a681a45c56438f13b7dfeca913f133e3,1,['cervids'],cervids,cervids
646ae8ef8356b2e8850daf96e756767c,1,['shortage of teachers'],shortage of teachers,shortage of teachers
d31800df0aa5536031d19e79cb9f0d95,1,['inclined pile numerical analysis hardening soil model plaxis 2d'],inclined pile numerical analysis hardening soil model plaxis 2d,inclined pile numerical analysis hardening soil model plaxis 2d
1bc4dce8577f8939ace5bf16d86b1829,1,['mental health'],mental health,mental health
70a7a4c11f729b8ced811befa82aa2b7,1,['digital technologies in rehabilitation'],digital technologies in rehabilitation,digital technologies in rehabilitation
930c689b13d81ced46274d30601918a7,1,['new energy vehicles'],new energy vehicles,new energy vehicles
4ada95d9cb95308ff0c7410e88da3d72,1,['waste management'],waste management,waste management
10c7ef19d812f4c1bacecc0ee54d30a8,1,['breast cancer'],breast cancer,breast cancer
a8a463fe5c77781ae586810949bc43b4,1,['tiktok influencer strategies'],tiktok influencer strategies,tiktok influencer strategies
116e791922ed83468b9685eba8b0e6a3,1,['new uses for abandoned coal mines'],new uses for abandoned coal mines,new uses for abandoned coal mines
e4830d227bc9842ee0351fc54a894194,1,['digital transformation strategy'],digital transformation strategy,digital transformation strategy
9f53f39aad8fb609c058a13da9148881,1,['arquitectura centro comercial'],arquitectura centro comercial,arquitectura centro comercial
c3d5d202f8ab3d130a90684fd7308f64,1,['Does healing fingertip ischemic lesions affect long-term survival in systemic sclerosis?'],Does healing fingertip ischemic lesions affect long-term survival in systemic sclerosis?,Does healing fingertip ischemic lesions affect long-term survival in systemic sclerosis?
af8cff0735e0f7641b418bae15e25991,1,['anti vandalism'],anti vandalism,anti vandalism
562ca7b9a565a1a27f9c71670c9f541e,1,['impulsive online buying'],impulsive online buying,impulsive online buying
e5bbf4f2f861cbbe6f6a20f1a1b4ee50,1,['gaussian orbitals'],gaussian orbitals,gaussian orbitals
4ed1037709aa13b70fca0575c1c88c48,1,['food waste management'],food waste management,food waste management
e7a4ee6f885fdc25a0d3fef9483e59be,1,['bert model'],bert model,bert model
4830856b20c6995776510fb1d88f4bc9,1,['knowledge dynamics'],knowledge dynamics,knowledge dynamics
5582532037b3bab64a04bee6c580b40a,1,['ai marketing'],ai marketing,ai marketing
64feabca6fb7b9e7179fbfeed0267727,1,['design-by-analogy'],design-by-analogy,design-by-analogy
394644e02c72db72d75ad72bfe5ee577,1,['coconut dehusking machine'],coconut dehusking machine,coconut dehusking machine
3c5110678151e01be80ecac517c06469,1,['inventory control and sme performance and organizational agility'],inventory control and sme performance and organizational agility,inventory control and sme performance and organizational agility
95fbd3a89d69d00404303492901cc4d4,1,['how brain works in learning'],how brain works in learning,how brain works in learning
32b77e26bf1e161271a79b443af3b421,1,['public transport problems'],public transport problems,public transport problems
fabb1390e6818519b43c2dc961a8402d,1,['customer satisfaction in business'],customer satisfaction in business,customer satisfaction in business
8ca4df85def77168d7d823c10b4e9508,1,['fashion history'],fashion history,fashion history
29c675baa4a0f5696bfc5732f37800ff,1,['impact of social media on the students'],impact of social media on the students,impact of social media on the students
67bf1399882db064d331402f451f8b26,1,['How can selective per-target source summaries enable low-latency translation with quality control?'],How can selective per-target source summaries enable low-latency translation with quality control?,How can selective per-target source summaries enable low-latency translation with quality control?
b37968562eae899eeab1c31cb9aaebb9,1,['offline digital library'],offline digital library,offline digital library
7913830a5c5ab3c239d4063a349dec98,1,['mass communication'],mass communication,mass communication
ade13b9b007f20c296691dfa10f231fa,1,['neuromarketing'],neuromarketing,neuromarketing
5f07a7f0a83de807eee3213560a3467c,1,['What tradeoff arises when applying exact gradient updates on induced finite-state models?'],What tradeoff arises when applying exact gradient updates on induced finite-state models?,What tradeoff arises when applying exact gradient updates on induced finite-state models?
db52618a747e9666d52ca269003f924e,1,['insurance industry in india'],insurance industry in india,insurance industry in india
da8c3c9c7df80a13224609445d22c4da,1,['work life balance'],work life balance,work life balance
ba0cf3a00bad34c0db57419d4b4df7bd,1,['self as method'],self as method,self as method
3f0fed6add84b3fa3635f0055e2c8256,1,['physics education'],physics education,physics education
5b9e5bfa057195e7f937fca05ff3ab83,1,['How can real-time patient self-monitoring guide risk-sensitive clinical decision thresholds?'],How can real-time patient self-monitoring guide risk-sensitive clinical decision thresholds?,How can real-time patient self-monitoring guide risk-sensitive clinical decision thresholds?
9adcf4e727570649a8eb6bfb46ec4b6f,1,['climate change'],climate change,climate change
7672296cd19afe29d4f2c838b989e65d,1,['How transferable are features learned from wide-angle retinal images across different retinal diseases?'],How transferable are features learned from wide-angle retinal images across different retinal diseases?,How transferable are features learned from wide-angle retinal images across different retinal diseases?
644e56222501df386be4b404cb2d02b0,1,['Can individualized diagnostic profiles guide who benefits most from holistic wellness retreats?'],Can individualized diagnostic profiles guide who benefits most from holistic wellness retreats?,Can individualized diagnostic profiles guide who benefits most from holistic wellness retreats?
f22ca5f3c10330d678e5604ff4128591,1,['intraosseous vs intravenous epinephrine out-of-hospital cardiac arrest'],intraosseous vs intravenous epinephrine out-of-hospital cardiac arrest,intraosseous vs intravenous epinephrine out-of-hospital cardiac arrest
b4c5d67cd9033c97cd1b4c0449b32dbb,1,['product innovation and organizational growth'],product innovation and organizational growth,product innovation and organizational growth
e9e12c23dcae83b144aecbcdf7183159,1,['raspberry pi'],raspberry pi,raspberry pi
46f4b0bdedf1c02453bd59b7f96acecd,1,['environmental globalization'],environmental globalization,environmental globalization
7943fb88b63cdf0a8aaff0b67e709cd6,1,['obezite'],obezite,obezite
c0837308bd8bdd88372e59d7fbcdd79a,1,['social media and mental health positive'],social media and mental health positive,social media and mental health positive
2c19f7bf825bc626b8ec40399ae413f8,1,['coffee shop marketing'],coffee shop marketing,coffee shop marketing
4e77c925361a8d32d581b13dbb7e3f7e,1,['psychology phenomenology'],psychology phenomenology,psychology phenomenology
d75124204c0f3fc2bd4d9dd172ca714c,1,['academic performance'],academic performance,academic performance
ddbee2cc774edd21119ac20558131e89,1,['digital twins'],digital twins,digital twins
fc456ba65090e69a1d6d146d71bb1031,1,['extraterrestrial'],extraterrestrial,extraterrestrial
56311e2226162fc29277c68b6e6e586b,1,['effect of using tiktok on communication'],effect of using tiktok on communication,effect of using tiktok on communication
c1131ebcb44d90b061552407c7926e41,1,['ecosystem marketing'],ecosystem marketing,ecosystem marketing
0e8d5755bc6fd7262c896acee6e7fdea,1,['on refined neutrosophic stochastic process'],on refined neutrosophic stochastic process,on refined neutrosophic stochastic process
253235b2573e803d3d7cb91bbe626407,1,['preserving cultural heritage'],preserving cultural heritage,preserving cultural heritage
9113313cc2065ca1aff3af63a47aa991,1,['stm32'],stm32,stm32
4726afa301f2ff48fdbc0cb8fd9c516f,1,['fast fashion'],fast fashion,fast fashion
67ba401678e3c6f78822c5a2f3603655,1,['renewable energy and smart grid technologies'],renewable energy and smart grid technologies,renewable energy and smart grid technologies
25cb193d5dcc97ac418d58dc668648db,1,['telecom churn prediction'],telecom churn prediction,telecom churn prediction
d5406a38d6a2888c5086a790232c5615,1,['health education'],health education,health education
4753c4253cb28ccda7223d73cd66857f,1,['cathedral wells'],cathedral wells,cathedral wells
e06a5a6278f3d948526124bc4c0a7a16,1,['ai future protocol'],ai future protocol,ai future protocol
956d5b066f6e4b34ab2b835cb63f311e,1,['epistemic issues and voter behavior'],epistemic issues and voter behavior,epistemic issues and voter behavior
54b55924e8e0a4bcf9e14d55fe76b3f6,1,['false endorsements using celebrities in local or national'],false endorsements using celebrities in local or national,false endorsements using celebrities in local or national
2452d3534488439c4d53818a902ca0f9,1,['sadat group chief of staff'],sadat group chief of staff,sadat group chief of staff
848af20b9dd59ffb505b7387b8f5ed02,1,['digital humanities'],digital humanities,digital humanities
dc474fd9c8dcf3f6de600ff398f21165,1,"[""pasteur's experiment on spontaneous generation""]",pasteur's experiment on spontaneous generation,pasteur's experiment on spontaneous generation
0d73d8e3c29b4e9ea624a896ddf2d275,1,"[""How can aligning workplace-focused language curricula with sector expectations enhance graduates' job performance?""]",How can aligning workplace-focused language curricula with sector expectations enhance graduates' job performance?,How can aligning workplace-focused language curricula with sector expectations enhance graduates' job performance?
96e66663ce960b769e24fd67d2407899,1,['sepsis'],sepsis,sepsis
1e583b21b831d1fbfa6fb7764b40a419,1,['stem career education'],stem career education,stem career education
4adbf08885051021d6cce7a803506cb3,1,['How can resident capacity-building accelerate integration of informal settlements into formal planning?'],How can resident capacity-building accelerate integration of informal settlements into formal planning?,How can resident capacity-building accelerate integration of informal settlements into formal planning?
03a39cb591950eba9e5465e52a9bf84b,1,['addiction'],addiction,addiction
a2ca22d32330685609941ec26e31163c,1,"['prefix free code, unequal letter cost']","prefix free code, unequal letter cost","prefix free code, unequal letter cost"
a91d0b9c83e4adc9733dacdbe6141f72,1,['crispr technologies in medicine'],crispr technologies in medicine,crispr technologies in medicine
9e21fdce73c6f386719a89673e448490,1,['standardization of medical records or unification of clinical formats and health information systems or integration of medical data'],standardization of medical records or unification of clinical formats and health information systems or integration of medical data,standardization of medical records or unification of clinical formats and health information systems or integration of medical data
8aeba6c1289e7013a72730c7d50f0e52,1,['social support in healthcare workers'],social support in healthcare workers,social support in healthcare workers
92d9229846b5980c7cc0f2fc644e5ee0,1,['applied linguistics'],applied linguistics,applied linguistics
ed3ef04dd26e030176c7021315e73c76,1,['Can early ventilator parameters guide choice of noninvasive oxygen support to reduce mortality?'],Can early ventilator parameters guide choice of noninvasive oxygen support to reduce mortality?,Can early ventilator parameters guide choice of noninvasive oxygen support to reduce mortality?
0455a10c1c01fa9d11d907fdde2fd578,1,['food science and technology'],food science and technology,food science and technology
14c1299a83cea722c7667945a74e0ec3,1,['nfc based student attendance system'],nfc based student attendance system,nfc based student attendance system
bdabca89a6c2f25642937da35f8f944a,1,['harry truman civil rights'],harry truman civil rights,harry truman civil rights
184d98712ea5b9f83628dd07afd44664,1,['case study where management science was used'],case study where management science was used,case study where management science was used
35ed7fb79fbf9d4499b0d47028fa39d8,1,['How do stress anisotropy and cation substitution jointly lower transition pressures in inorganic oxides and carbonates?'],How do stress anisotropy and cation substitution jointly lower transition pressures in inorganic oxides and carbonates?,How do stress anisotropy and cation substitution jointly lower transition pressures in inorganic oxides and carbonates?
b3daf114c3b41aae4aa05d2a16a07e68,1,['fc-ack'],fc-ack,fc-ack
cf0a23a14082d55d74fad12e78a868e6,1,['biobattery using banana peels'],biobattery using banana peels,biobattery using banana peels
78789f3cb58bcdeb8066c0e37fb700cf,1,['pfas'],pfas,pfas
07635bd80ac655d36cc82d396b093f4a,1,['organizational ergonomics'],organizational ergonomics,organizational ergonomics
490b8a43c69fd04226e5651f809a3a80,1,['drainage systems'],drainage systems,drainage systems
36e9b1cd1cc8563b3aecb7334486fe94,1,['corporate governance'],corporate governance,corporate governance
a2a64265721427605ec182827171265b,1,['cybersecurity'],cybersecurity,cybersecurity
571cf96ace287eefef87b7a670e1ffe7,1,['influence of leaders'],influence of leaders,influence of leaders
3490ff75cc1d7cc958eea148ecf9f064,1,['How could language and health literacy barriers alter emergency response access and outcomes?'],How could language and health literacy barriers alter emergency response access and outcomes?,How could language and health literacy barriers alter emergency response access and outcomes?
aa28db7419d8278e59c479e5a7bded50,1,['buy now pay later'],buy now pay later,buy now pay later
652d873a275fd4ba0504d141cf387c59,1,['negative effects of social media'],negative effects of social media,negative effects of social media
cd2b336755998f560cce71bc0a6fb1a4,1,['climate'],climate,climate
2cb72c6bf8046051f3e04155984cc99d,1,['financial literacy among students'],financial literacy among students,financial literacy among students
02aea38d9476aad8e00092422990f392,1,"[""maximizing ai's potential in education""]",maximizing ai's potential in education,maximizing ai's potential in education
c60f7e99a8623cad87ae6951b6854fff,1,['How do ab initio screened local exchange values alter predicted spin–orbital ordering tendencies?'],How do ab initio screened local exchange values alter predicted spin–orbital ordering tendencies?,How do ab initio screened local exchange values alter predicted spin–orbital ordering tendencies?
8563a9d294a5cbb4e837f30028ce6a6d,1,['renewable energy'],renewable energy,renewable energy
79915fa3192e4cbc5ff3067084a9bffa,1,['packing and packaging'],packing and packaging,packing and packaging
4f4fdc52af27482b294541c885bfcae8,1,['hand hygiene practices among students'],hand hygiene practices among students,hand hygiene practices among students
2e12172efa17235944608f55b1b7fce0,1,['social media marketing'],social media marketing,social media marketing
b37550803cd237fc3755efc186a453cc,1,['customer of customer service quality on customer retention in food businesses'],customer of customer service quality on customer retention in food businesses,customer of customer service quality on customer retention in food businesses
a3ef8674065801b4d4a581beeb5a612d,1,"[""How might a positive mealtime atmosphere influence preschoolers' produce consumption?""]",How might a positive mealtime atmosphere influence preschoolers' produce consumption?,How might a positive mealtime atmosphere influence preschoolers' produce consumption?
bcad44163fe01bcfd8546add976af54a,1,['heat recovery system'],heat recovery system,heat recovery system
6110a9b938c5a3f25ca8ed7615454eb0,1,['cancer immunotherapy'],cancer immunotherapy,cancer immunotherapy
864f847e662564427772dd3e088cbed4,1,['racial discrimination towards migrant workers in gcc'],racial discrimination towards migrant workers in gcc,racial discrimination towards migrant workers in gcc
66d27ab9f8c1302bad8574f588406046,1,['job demands in healthcare workers'],job demands in healthcare workers,job demands in healthcare workers
0686deb383c2e003b7f0c1cb0fd68f07,1,['household responsibilities among students'],household responsibilities among students,household responsibilities among students
1c4bc3e0f4bf5add8b37a379e3910463,1,['Why might improving institutional care readiness not equally lower mortality across regions?'],Why might improving institutional care readiness not equally lower mortality across regions?,Why might improving institutional care readiness not equally lower mortality across regions?
c3d39be1a3633d49008261165f6058b6,1,['employees mental health'],employees mental health,employees mental health
